event_id,spawn_tick,dispatch_tick,arrival_tick,response_time,priority,location_node
0,2,2,23,21,1,6451312135
4,17,17,51,34,2,6277544359
3,14,14,57,43,2,5785243409
1,11,11,66,55,1,3677417626
2,12,12,70,58,2,2419462315
6,76,76,89,13,3,5785243426
5,53,53,92,39,3,5012738599
7,97,97,122,25,1,6818723852
8,103,103,134,31,2,7570152075
10,169,169,182,13,3,3277801680
9,162,162,186,24,3,11850690941
11,171,171,191,20,2,582448613
12,172,172,197,25,2,5280019850
13,191,191,211,20,1,12396712432
14,257,257,281,24,1,5009865616
15,275,275,286,11,1,9603303820
16,298,298,319,21,2,3677356993
18,329,329,344,15,2,3677356991
17,312,312,368,56,2,7115936015
19,354,354,372,18,2,568387622
20,386,386,407,21,1,12253172250
24,460,460,473,13,1,11825680703
31,614,614,632,18,2,11884747699
0,1,1,15,14,2,6187442378
2,31,31,61,30,1,6819013532
3,47,47,76,29,2,12352383828
4,82,82,100,18,3,588435519
6,103,103,130,27,3,12352393103
5,83,83,135,52,1,6812031068
7,103,103,145,42,1,3677357005
8,115,115,152,37,3,10926883395
9,136,136,168,32,1,5785243433
10,151,151,176,25,1,304567569
11,160,160,183,23,2,12352383828
12,184,184,224,40,3,6451301171
16,237,237,252,15,3,304567357
13,227,227,253,26,1,5278958883
15,231,231,258,27,1,3677417626
14,228,228,266,38,2,10311912274
17,243,243,282,39,1,300852177
18,268,268,290,22,2,2953398972
19,276,276,297,21,2,5785251562
20,300,300,322,22,2,2949473024
21,307,307,338,31,3,10926533453
22,323,323,353,30,3,1249744161
24,333,333,362,29,2,303828427
23,332,332,386,54,3,5278958878
25,394,394,413,19,3,11233742931
27,408,408,426,18,2,7025394741
28,423,423,436,13,1,10944293038
26,405,405,437,32,1,3260934063
29,424,424,451,27,1,11526125351
30,438,438,462,24,3,304567451
31,443,443,478,35,3,5785243575
32,449,449,487,38,2,2419462338
33,478,478,498,20,3,304567890
34,490,490,520,30,2,582448611
36,507,507,533,26,1,582451364
35,500,500,537,37,3,2949520309
37,520,520,564,44,2,12903114921
38,542,542,566,24,1,3277801680
39,544,544,580,36,1,5785243384
41,566,566,588,22,1,300854752
40,555,555,588,33,1,12352725488
42,600,600,624,24,2,8372650007
43,643,643,660,17,1,5846950924
44,652,652,673,21,3,5785251561
45,656,656,682,26,1,1249744159
46,662,662,684,22,3,2419462330
47,670,670,726,56,1,9603276338
48,737,737,750,13,3,588432140
49,741,741,755,14,3,9603280241
50,759,759,785,26,3,588432129
51,761,761,788,27,3,5785243397
54,788,788,811,23,1,6338234471
53,784,784,812,28,3,6816385762
56,820,820,840,20,3,3677356989
55,817,817,848,31,1,126049911
57,842,842,860,18,1,5785247182
59,864,864,890,26,1,8407457904
58,845,845,906,61,2,11850690941
61,874,890,917,43,2,7150932897
60,873,873,937,64,2,7115935999
62,891,906,947,56,3,5652253127
63,900,917,949,49,1,11851303878
64,916,937,986,70,1,3260934075
65,963,963,997,34,2,5785247187
66,992,992,1015,23,1,10944307845
67,994,994,1015,21,2,11526125353
68,997,997,1039,42,3,3677357008
70,1072,1072,1087,15,3,6338234459
69,1055,1055,1092,37,2,6277544335
71,1107,1107,1131,24,2,3677417626
73,1126,1126,1157,31,2,304567890
72,1121,1121,1163,42,3,3217650497
74,1158,1158,1180,22,1,5785243386
75,1177,1177,1213,36,2,5785243431
76,1194,1194,1224,30,1,300857149
77,1214,1214,1240,26,2,3260934075
78,1217,1217,1259,42,3,5785247193
79,1223,1224,1270,47,3,12398642851
80,1234,1240,1275,41,2,3677357005
81,1264,1264,1296,32,2,1886594063
83,1299,1299,1311,12,3,6816395086
82,1277,1277,1322,45,1,9569659989
84,1314,1314,1349,35,1,2948760186
85,1326,1326,1360,34,3,12352337405
86,1330,1330,1376,46,1,6338234465
88,1350,1360,1392,42,3,9603280240
87,1340,1349,1407,67,2,6123947819
89,1355,1376,1409,54,3,12352393103
91,1397,1407,1426,29,1,6277544335
90,1384,1392,1431,47,2,5785243415
93,1430,1430,1444,14,3,6277544352
92,1418,1418,1455,37,2,12250988001
94,1431,1431,1464,33,3,2422417573
95,1440,1444,1476,36,1,11867222844
96,1455,1455,1492,37,2,2422417573
98,1484,1484,1507,23,3,2422417561
97,1470,1470,1521,51,3,632556601
100,1490,1507,1536,46,1,6812031060
99,1488,1492,1545,57,2,7115936011
101,1495,1521,1548,53,1,4836682656
102,1519,1536,1569,50,1,6304098685
104,1551,1551,1579,28,2,5785243396
103,1532,1545,1600,68,1,3677357007
105,1611,1611,1626,15,1,6338234450
106,1615,1615,1647,32,3,303081332
107,1693,1693,1720,27,2,582451364
108,1728,1728,1749,21,2,11825680702
109,1744,1744,1774,30,2,8407457899
111,1771,1771,1784,13,2,3677357003
110,1759,1759,1791,32,1,3219332106
112,1772,1774,1805,33,2,3217650494
113,1806,1806,1829,23,3,5009865616
114,1810,1810,1857,47,2,10926662953
115,1826,1826,1866,40,1,3677356995
116,1870,1870,1884,14,2,6338234707
117,1871,1871,1899,28,3,7150932890
120,1902,1902,1929,27,3,10926533436
119,1899,1899,1936,37,1,582447507
118,1877,1877,1945,68,3,11825680708
122,1966,1966,1997,31,2,4763977904
121,1962,1962,2001,39,1,6338234467
123,1989,1989,2029,40,1,12189144524
124,2035,2035,2069,34,2,3217650491
126,2038,2038,2070,32,1,6277544349
125,2037,2037,2074,37,1,11825680703
127,2060,2069,2108,48,2,5278958876
128,2063,2070,2109,46,1,6338234450
129,2076,2076,2127,51,3,6277544356
130,2088,2108,2137,49,1,6453004839
132,2097,2127,2160,63,1,6187443235
131,2092,2109,2166,74,2,632556605
133,2114,2137,2200,86,1,300852251
134,2178,2178,2207,29,2,588432103
135,2232,2232,2269,37,2,6338234696
136,2254,2254,2276,22,3,588432129
138,2282,2282,2296,14,3,9603445022
137,2256,2256,2296,40,3,626369663
140,2288,2296,2326,38,3,1884436468
141,2311,2311,2332,21,1,11867222817
139,2282,2282,2355,73,3,10926840475
142,2312,2326,2357,45,3,10926662946
143,2325,2332,2365,40,2,5009865618
147,2335,2365,2396,61,3,12251103295
144,2330,2355,2404,74,3,582448610
145,2332,2357,2415,83,3,300860633
148,2365,2404,2447,82,3,5785243409
149,2384,2415,2461,77,1,3228594798
151,2419,2461,2478,59,1,6265795699
150,2411,2447,2487,76,1,588432129
152,2465,2478,2501,36,3,5652253143
153,2483,2487,2529,46,1,6825540753
154,2512,2512,2539,27,1,12253172250
155,2517,2529,2566,49,1,5785247178
156,2523,2539,2585,62,3,13203756304
157,2537,2566,2599,62,1,6451301171
158,2540,2585,2614,74,2,3217650492
160,2560,2614,2634,74,2,4970685226
159,2556,2599,2655,99,3,12250968499
163,2618,2655,2674,56,1,2419462314
162,2604,2634,2696,92,1,11850701374
164,2634,2674,2726,92,3,10926533453
166,2696,2696,2763,67,2,6423676446
167,2707,2726,2770,63,1,303086754
169,2712,2770,2797,85,1,7025253056
170,2712,2797,2811,99,1,632556609
168,2709,2763,2841,132,3,2425150111
171,2837,2837,2880,43,3,304567451
172,2840,2841,2886,46,3,7025394745
173,2848,2880,2915,67,3,5009865579
174,2890,2890,2928,38,2,304567679
175,2901,2915,2942,41,1,582451389
176,2902,2928,2957,55,3,304567569
177,2927,2942,2990,63,1,6277544335
178,2998,2998,3018,20,2,276094786
179,3002,3002,3034,32,1,5785243573
181,3025,3034,3054,29,2,2419462329
180,3018,3018,3061,43,2,2419462324
182,3035,3054,3081,46,2,6338234483
184,3051,3081,3113,62,3,632556617
183,3039,3061,3120,81,3,5785243422
185,3058,3113,3145,87,3,2419462314
186,3075,3120,3166,91,2,588435516
187,3082,3145,3183,101,3,5652253145
188,3129,3166,3194,65,3,5652253123
189,3167,3183,3212,45,3,3677356995
190,3180,3194,3222,42,2,4836682659
192,3215,3222,3245,30,1,7150932897
191,3205,3212,3259,54,3,10926533434
193,3234,3245,3276,42,3,6818723852
194,3247,3259,3293,46,3,6338234470
195,3261,3276,3300,39,1,3277796923
197,3276,3300,3320,44,3,568387584
196,3271,3293,3334,63,3,6187443237
200,3327,3334,3359,32,2,588432121
199,3288,3320,3385,97,1,6451301125
201,3331,3359,3400,69,2,5785243569
202,3349,3385,3414,65,1,626369656
203,3358,3400,3439,81,2,6451301121
204,3364,3414,3456,92,1,6248772199
205,3366,3439,3465,99,2,6811582504
207,3402,3465,3485,83,3,10311912274
206,3385,3456,3488,103,1,3059998141
210,3461,3488,3501,40,1,2949520309
209,3432,3485,3522,90,2,7115936015
211,3476,3501,3532,56,1,626369624
212,3477,3532,3584,107,2,6410305317
213,3507,3584,3618,111,2,5652253138
214,3519,3618,3635,116,2,5652208320
215,3549,3635,3662,113,2,3217650526
216,3578,3662,3685,107,2,2419462315
217,3585,3685,3745,160,3,12189144527
0,38,38,71,33,3,2419462335
2,55,55,78,23,2,632556414
1,45,45,82,37,2,6812031057
3,65,65,83,18,2,12160768691
4,107,107,131,24,2,2948760157
5,183,183,205,22,1,3302591601
6,204,204,219,15,3,10926533453
8,213,213,237,24,1,6338234452
9,221,221,246,25,2,5785243411
7,211,211,250,39,3,632556602
10,236,236,272,36,3,5785247190
11,261,261,294,33,3,10926840445
12,281,281,301,20,3,303081463
13,326,326,344,18,3,6453004850
14,327,327,348,21,1,1249744162
15,415,415,431,16,1,100148878
16,433,433,467,34,1,6812031068
17,471,471,505,34,3,12253172251
18,509,509,529,20,2,626369561
19,535,535,549,14,1,7570152068
20,535,535,556,21,1,5785247186
22,564,564,579,15,2,5009865609
21,560,560,585,25,1,6474635008
23,572,572,596,24,2,5009865613
24,578,578,602,24,1,6451301147
26,602,602,617,15,1,7148653737
25,599,599,618,19,2,582451366
27,635,635,651,16,3,632556609
28,649,649,665,16,3,6338234699
29,659,659,673,14,1,123804647
31,690,690,704,14,2,7150932897
30,678,678,717,39,2,5785243419
32,749,749,786,37,3,7024891232
33,797,797,812,15,2,86087108
35,829,829,847,18,2,5785243441
36,833,833,850,17,2,5278958880
34,817,817,852,35,2,5652253124
37,857,857,874,17,2,5278958870
38,875,875,890,15,2,3217650491
40,886,886,910,24,2,12095987389
41,893,893,916,23,1,11884747698
39,880,880,919,39,2,10926662939
42,913,913,943,30,2,5652253138
44,928,928,956,28,1,300852251
43,918,918,962,44,3,5278958876
45,954,954,973,19,3,1886594024
46,962,962,974,12,3,6277544357
47,988,988,1012,24,2,582448608
49,999,999,1017,18,1,7025394742
48,990,990,1021,31,3,11884747699
50,1044,1044,1081,37,2,303828650
51,1069,1069,1089,20,1,11825709068
52,1088,1088,1112,24,2,3059998140
53,1112,1112,1131,19,1,10944269672
55,1147,1147,1164,17,1,3217650530
54,1143,1143,1164,21,1,568387622
56,1151,1151,1179,28,2,1249744161
57,1174,1174,1194,20,3,7162561587
58,1180,1180,1194,14,1,632556601
59,1204,1204,1217,13,1,300854752
60,1234,1234,1271,37,2,5785243418
63,1273,1273,1287,14,3,6819600159
62,1261,1261,1291,30,2,12352383823
61,1259,1259,1296,37,2,12352383828
64,1292,1292,1313,21,2,6811582504
65,1313,1313,1332,19,1,11884747698
66,1323,1323,1348,25,3,10926662933
68,1350,1350,1367,17,3,3217650498
67,1331,1331,1373,42,2,7115936015
69,1372,1372,1394,22,3,2422507449
70,1391,1391,1410,19,1,8407457899
71,1409,1409,1430,21,3,626369565
72,1410,1410,1449,39,1,11850701382
75,1446,1446,1461,15,3,7025394745
73,1433,1433,1466,33,1,3677357010
74,1442,1442,1479,37,2,6277544350
76,1460,1460,1506,46,2,5785247193
77,1508,1508,1539,31,1,13203756304
78,1513,1513,1548,35,1,12160823872
79,1547,1547,1559,12,3,10616567484
80,1554,1554,1581,27,1,4836682663
81,1572,1572,1602,30,2,300854752
82,1599,1599,1644,45,2,7115936014
83,1617,1617,1649,32,3,5652253137
84,1659,1659,1682,23,3,5785271030
85,1663,1663,1692,29,2,11825680705
86,1683,1683,1704,21,2,3277801684
88,1764,1764,1787,23,3,304567890
87,1761,1761,1787,26,3,6812031057
89,1812,1812,1831,19,2,3217650498
90,1816,1816,1839,23,1,10926662954
91,1839,1839,1853,14,2,2953399195
92,1856,1856,1868,12,1,6451312130
93,1860,1860,1872,12,2,12189144525
94,1876,1876,1893,17,2,304567570
95,1899,1899,1922,23,1,10853217306
96,1906,1906,1936,30,2,6338234463
97,1932,1932,1946,14,1,6187442378
98,1933,1933,1958,25,2,3677357006
100,1954,1954,1979,25,3,3677356993
99,1941,1941,1986,45,1,8372650002
101,1955,1955,1986,31,3,6819013532
102,1955,1955,1999,44,1,6187443222
103,1968,1968,1999,31,2,3677417626
104,2009,2009,2021,12,3,3277801681
105,2034,2034,2059,25,1,12398642851
106,2063,2063,2086,23,1,7150932889
108,2081,2081,2106,25,3,632556598
107,2075,2075,2111,36,3,12253768588
109,2088,2088,2122,34,3,12352353955
110,2101,2101,2131,30,1,582447507
112,2136,2136,2155,19,3,2422507449
111,2116,2116,2168,52,1,11825680708
0,36,36,53,17,1,4836682657
1,43,43,62,19,3,12189144527
3,60,60,83,23,1,5652253134
2,57,57,89,32,1,3277796923
4,79,79,97,18,1,6453004843
5,84,84,107,23,3,304567357
6,104,104,134,30,1,5652253149
7,120,120,144,24,1,3217650536
8,156,156,174,18,2,2422507454
9,157,157,178,21,2,11825709068
10,167,167,197,30,1,5785243387
11,175,175,219,44,1,5785243569
12,209,209,237,28,2,6338234693
13,213,213,238,25,1,5278958883
14,238,238,260,22,2,2419462324
15,242,242,267,25,3,582448618
16,246,246,279,33,2,11872840091
17,258,258,305,47,3,3217650493
18,268,268,321,53,2,86087108
19,295,295,339,44,2,5785243432
22,325,325,349,24,1,588432117
20,312,312,360,48,3,7166810681
21,320,320,365,45,1,7148770030
23,402,402,416,14,3,11825709065
24,429,429,448,19,2,303828426
25,448,448,460,12,2,582448611
27,468,468,482,14,2,300854752
26,458,458,513,55,1,1886594025
28,514,514,528,14,2,2422417580
29,543,543,564,21,1,6819065630
30,554,554,569,15,2,5009865593
31,591,591,603,12,1,632556595
32,596,596,623,27,1,6338234463
33,598,598,633,35,3,6453004854
34,627,627,649,22,3,3677356998
35,629,629,654,25,3,7162561587
36,644,644,706,62,1,2419462349
37,723,723,743,20,3,11825709066
38,743,743,760,17,1,2422507459
39,750,750,767,17,3,2422417563
42,760,760,785,25,2,5652253139
40,751,751,791,40,1,6816408253
41,760,760,803,43,3,10944293041
44,770,770,815,45,3,6123947815
45,773,785,816,43,2,632556602
43,764,764,817,53,1,5785247180
47,822,822,838,16,3,5785247209
46,801,803,841,40,2,5785243577
48,843,843,864,21,3,5785243381
49,859,859,899,40,3,5009865617
51,885,885,913,28,1,11850663295
50,883,883,915,32,2,4836682664
52,906,906,931,25,3,304567570
53,928,928,955,27,3,12253172251
55,979,979,993,14,3,6338234697
54,974,974,997,23,3,4970685227
56,1000,1000,1030,30,3,10944269672
57,1020,1020,1040,20,2,83666734
60,1037,1037,1053,16,3,5785247187
58,1026,1026,1053,27,2,7570152078
59,1034,1034,1057,23,1,11233742932
63,1061,1061,1076,15,2,3677356994
61,1038,1038,1080,42,1,11825680702
62,1060,1060,1082,22,3,5278958872
64,1076,1076,1094,18,3,5009865612
66,1092,1092,1111,19,3,2949520309
65,1090,1090,1123,33,2,5785243415
67,1102,1102,1127,25,2,6825540753
68,1145,1145,1161,16,2,6187443196
70,1170,1170,1186,16,2,5278958877
69,1168,1168,1190,22,2,2419462327
71,1232,1232,1257,25,3,582448618
72,1238,1238,1265,27,3,3677356984
73,1265,1265,1279,14,2,6187448109
74,1291,1291,1324,33,1,632556594
75,1314,1314,1325,11,2,6187443226
76,1318,1318,1345,27,2,4944851336
77,1333,1333,1350,17,2,632556608
78,1339,1339,1358,19,2,303080697
79,1363,1363,1375,12,3,7166810681
80,1369,1369,1390,21,2,3677357004
82,1433,1433,1450,17,1,2419462340
83,1437,1437,1462,25,1,3217650491
81,1431,1431,1470,39,1,10944328925
84,1441,1441,1471,30,1,4836682658
85,1463,1463,1488,25,2,588432103
86,1500,1500,1518,18,1,6451328265
87,1502,1502,1524,22,1,123804650
88,1516,1516,1530,14,1,4836682663
90,1547,1547,1564,17,3,6338234693
89,1546,1546,1566,20,2,11825709068
91,1562,1562,1581,19,3,12352355200
92,1606,1606,1625,19,1,632556609
93,1611,1611,1627,16,3,1882736856
94,1614,1614,1642,28,2,3217650493
95,1623,1623,1660,37,1,4944850106
96,1657,1657,1671,14,3,582451389
97,1678,1678,1696,18,2,10926662941
98,1692,1692,1706,14,1,304567562
99,1694,1694,1710,16,3,7148716168
101,1709,1709,1727,18,2,5280019850
100,1701,1701,1748,47,1,6277544349
102,1727,1727,1749,22,2,5785243566
103,1734,1734,1770,36,2,10926533423
104,1743,1743,1779,36,3,12189144527
105,1787,1787,1809,22,1,2422417574
106,1803,1803,1832,29,3,8372650007
107,1860,1860,1894,34,1,11867222845
108,1881,1881,1897,16,1,6187443235
109,1884,1884,1903,19,2,1884436468
110,1888,1888,1912,24,3,588432103
112,1922,1922,1940,18,2,12352355200
113,1927,1927,1940,13,1,13238104380
111,1922,1922,1949,27,3,303081332
114,1947,1947,1964,17,3,5785247181
116,1954,1954,1965,11,1,12253172249
115,1947,1947,1966,19,1,4970685226
117,1965,1965,1996,31,3,303828426
119,1979,1979,2001,22,3,123804650
120,1981,1981,2003,22,3,3217650522
118,1977,1977,2021,44,2,632556599
121,1991,1991,2025,34,3,11825680704
122,1993,1996,2038,45,2,7150932889
123,2028,2028,2049,21,3,5785271024
124,2028,2028,2050,22,3,3677356998
125,2034,2034,2058,24,3,582448614
126,2108,2108,2124,16,3,11850690941
127,2114,2114,2147,33,3,6453004843
128,2172,2172,2191,19,3,7025394741
129,2189,2189,2203,14,1,3677357006
131,2210,2210,2232,22,2,6451301125
130,2208,2208,2238,30,3,12253768589
133,2224,2224,2249,25,2,2422507459
134,2227,2227,2265,38,3,6277544354
132,2213,2213,2266,53,1,10944293041
135,2254,2254,2279,25,1,3260934062
136,2273,2273,2306,33,2,12352337405
137,2282,2282,2316,34,3,5009865601
138,2296,2296,2319,23,2,10311912274
139,2315,2315,2344,29,2,2419462340
140,2329,2329,2351,22,3,7148770031
141,2343,2343,2366,23,1,2422417587
142,2430,2430,2456,26,2,3217650506
143,2442,2442,2458,16,1,5009865579
144,2453,2453,2474,21,1,2422507457
145,2459,2459,2478,19,1,4836682656
146,2469,2469,2484,15,1,12160768691
147,2520,2520,2533,13,2,588432112
148,2660,2660,2677,17,1,2422417587
150,2677,2677,2707,30,1,632556605
152,2691,2691,2711,20,3,304567199
149,2675,2675,2713,38,2,5785243415
151,2691,2691,2735,44,1,632556602
153,2744,2744,2769,25,2,5009865618
155,2809,2809,2826,17,1,6451328265
154,2800,2800,2830,30,3,5278958871
156,2826,2826,2856,30,2,6248772198
157,2867,2867,2884,17,3,2422417560
158,2891,2891,2916,25,2,304567199
159,2909,2909,2925,16,2,12253768589
160,2927,2927,2953,26,2,6123947819
161,2928,2928,2962,34,3,6812031052
162,2948,2948,2976,28,3,6975236121
163,2998,2998,3015,17,1,10926662939
164,3020,3020,3044,24,3,6338234469
165,3053,3053,3072,19,1,6453004839
166,3073,3073,3091,18,1,6474635008
167,3144,3144,3164,20,1,2953399195
168,3180,3180,3199,19,3,303828652
169,3200,3200,3219,19,3,6819065631
170,3209,3209,3241,32,3,2422417560
171,3222,3222,3255,33,2,582448613
172,3241,3241,3265,24,1,5785243422
174,3275,3275,3286,11,2,626369561
173,3275,3275,3309,34,3,5009865616
175,3296,3296,3336,40,2,5278958873
176,3341,3341,3356,15,3,10616567487
177,3355,3355,3381,26,3,6453004843
178,3360,3360,3392,32,3,6423002609
179,3362,3362,3403,41,2,5278958872
180,3417,3417,3433,16,2,2422417580
181,3426,3426,3449,23,1,582451369
182,3480,3480,3495,15,2,6812031068
183,3482,3482,3500,18,3,5785243573
184,3490,3490,3517,27,2,12251103295
185,3497,3497,3522,25,1,6338234470
186,3549,3549,3569,20,3,3217650526
187,3601,3601,3622,21,2,5785243391
188,3633,3633,3652,19,1,2948760157
189,3647,3647,3669,22,2,632556618
191,3720,3720,3734,14,1,588432103
190,3720,3720,3734,14,3,6453004850
0,2,2,19,17,2,13203756304
4,55,55,69,14,3,7148677220
1,40,40,76,36,1,3677356983
2,49,49,89,40,1,3217650509
3,52,52,93,41,1,12250968500
5,59,59,107,48,3,11867222817
6,97,97,116,19,1,632556625
7,178,178,208,30,2,626369635
8,205,205,225,20,2,6812031067
9,288,288,310,22,2,3219332122
10,315,315,356,41,3,7115936012
11,387,387,403,16,2,11867222816
12,411,411,434,23,2,9603303820
13,417,417,446,29,2,582448615
15,437,437,450,13,2,5280019849
14,429,429,468,39,2,6277544356
16,457,457,478,21,1,4970685226
17,469,469,493,24,3,2953399201
18,529,529,547,18,1,6338234694
21,541,541,564,23,1,3217650528
19,539,539,564,25,1,3059998141
20,541,541,574,33,2,11884747699
22,546,546,581,35,1,3677356989
23,625,625,654,29,2,5785243433
24,640,640,664,24,1,83666734
26,670,670,684,14,1,2419462341
25,667,667,688,21,2,5785247182
27,685,685,710,25,2,10926533450
28,726,726,747,21,3,11825709067
29,748,748,769,21,3,5785243426
30,777,777,801,24,3,12253768587
31,803,803,823,20,3,6812031068
32,849,849,870,21,1,7570152076
34,872,872,891,19,3,5012738599
33,870,870,893,23,2,303843119
35,882,882,905,23,1,304567889
37,900,900,920,20,3,3677357008
38,902,902,926,24,3,3277801680
36,892,892,947,55,3,2422507454
39,925,925,948,23,1,7148716169
43,965,965,981,16,2,7025394743
42,964,964,987,23,3,7150932890
41,964,964,989,25,1,5278958883
40,959,959,995,36,3,5785247200
45,974,981,1010,36,2,12253768587
44,966,966,1016,50,2,626369643
46,1015,1015,1040,25,3,11850701374
47,1031,1031,1052,21,1,12250988001
48,1043,1043,1084,41,2,3677357004
49,1102,1102,1142,40,3,13203756304
50,1138,1138,1165,27,1,11526125352
51,1155,1155,1191,36,2,5785243391
53,1172,1172,1199,27,2,12352337405
52,1158,1158,1199,41,1,3677357012
54,1230,1230,1260,30,3,5009865617
55,1269,1269,1292,23,1,4763981115
56,1275,1275,1308,33,3,5785247183
57,1294,1294,1319,25,2,303080822
58,1315,1315,1327,12,1,10926662953
59,1324,1324,1354,30,3,5652253150
60,1359,1359,1390,31,1,7024891231
61,1412,1412,1427,15,3,2422507454
63,1466,1466,1484,18,1,582451368
62,1454,1454,1485,31,3,5652208320
65,1490,1490,1510,20,2,11884747697
64,1489,1489,1516,27,3,6812031066
67,1505,1505,1525,20,3,6277544336
66,1502,1502,1527,25,2,10926840445
68,1509,1509,1552,43,3,6338234476
69,1529,1529,1565,36,2,11850701382
70,1551,1551,1573,22,3,2422417589
0,6,6,18,12,3,3228594798
2,30,30,53,23,1,7570152078
1,28,28,62,34,2,5009865609
3,72,72,85,13,1,7024891232
4,77,77,96,19,3,1882539589
5,83,83,117,34,1,126040332
7,116,116,127,11,2,83666734
6,106,106,130,24,1,588435521
8,127,127,152,25,3,5785243384
9,143,143,162,19,1,304567890
10,157,157,176,19,2,6123947815
11,162,162,180,18,1,6277544336
12,169,169,200,31,2,2433364461
14,182,182,209,27,2,5785251564
13,180,180,210,30,1,4836682664
15,217,217,231,14,3,6187443196
17,232,232,248,16,3,83666734
16,229,229,261,32,1,3217650528
18,235,235,262,27,2,2422507457
19,248,248,271,23,2,10926840465
20,267,267,290,23,2,2419462327
21,272,272,303,31,3,6304098475
23,283,283,303,20,2,6277544351
22,275,275,304,29,2,4970685227
24,309,309,333,24,1,126039798
25,337,337,349,12,3,582448615
26,338,338,352,14,2,2419462349
27,344,344,361,17,3,1884436472
28,354,354,391,37,2,5785243424
29,401,401,418,17,2,5009865614
31,418,418,430,12,1,582448612
30,415,415,442,27,1,11850690940
33,441,441,458,17,2,582448616
32,440,440,483,43,2,6451301125
34,481,481,524,43,3,273690430
35,514,514,544,30,3,7024891232
39,534,534,562,28,2,6187443197
37,530,530,567,37,1,632556414
38,533,533,568,35,2,6453004843
36,528,528,571,43,1,6187443230
42,580,580,607,27,2,12352393103
40,565,565,609,44,1,6453004843
41,567,567,612,45,3,6277544344
44,622,622,641,19,3,5785243553
43,616,616,645,29,2,12253768586
47,644,644,662,18,3,8685892822
45,630,630,666,36,2,2419462329
48,652,652,695,43,1,6187442378
49,676,676,696,20,1,303081337
46,638,638,697,59,1,3677356981
50,677,677,718,41,2,5009865609
51,687,687,719,32,3,1882736871
53,739,739,763,24,1,5785243554
52,735,735,769,34,2,12352725478
56,760,763,785,25,2,5785243385
57,767,769,786,19,3,632556630
54,741,741,791,50,3,5785243422
55,742,742,806,64,3,7115936015
58,784,785,809,25,2,6187443196
59,786,786,817,31,2,5280019852
61,805,805,827,22,2,303829249
62,811,811,840,29,1,5652253132
60,795,795,849,54,2,3217650525
64,825,825,851,26,1,126049914
66,846,846,870,24,3,3217650492
63,813,813,881,68,2,11825680696
65,841,841,889,48,1,11850690938
67,850,851,899,49,2,6453004839
69,873,873,902,29,2,2422417583
68,852,856,902,50,3,273690435
73,911,911,933,22,3,6248751188
72,892,899,935,43,1,1249744158
71,887,889,941,54,1,5785243384
70,876,881,953,77,1,10926662946
75,937,937,966,29,3,4836682663
74,927,927,967,40,2,588435516
76,961,961,988,27,3,588435521
77,986,986,1022,36,1,303828652
79,1010,1010,1024,14,1,6975236121
78,1007,1007,1037,30,1,5785243396
80,1064,1064,1086,22,2,6819065628
81,1071,1071,1089,18,1,2433364449
83,1096,1096,1109,13,3,5785247192
82,1087,1087,1110,23,1,276094786
84,1125,1125,1145,20,2,304567569
86,1139,1139,1158,19,3,6451328397
85,1136,1136,1172,36,1,304567569
87,1184,1184,1204,20,1,6277544340
89,1193,1193,1220,27,3,3217650510
88,1193,1193,1230,37,1,6453004843
90,1209,1209,1241,32,2,3677356989
91,1235,1235,1258,23,3,5280019852
92,1361,1361,1379,18,3,5785243567
93,1378,1378,1399,21,3,6812031062
95,1435,1435,1450,15,3,2953399200
94,1433,1433,1452,19,2,1249744159
97,1451,1451,1468,17,2,1249744159
96,1451,1451,1472,21,1,12250968500
99,1483,1483,1498,15,2,11872840094
98,1481,1481,1503,22,1,7025253055
100,1492,1492,1524,32,2,5785243383
101,1494,1494,1532,38,3,2419462324
102,1516,1516,1537,21,2,10926533428
104,1525,1525,1548,23,1,3260934067
103,1522,1522,1553,31,1,4970685226
105,1539,1539,1556,17,1,11819910706
106,1550,1550,1562,12,2,632556600
107,1582,1582,1615,33,2,6277544342
109,1622,1622,1633,11,1,2419462315
108,1614,1614,1662,48,2,5785247190
110,1638,1638,1666,28,1,83666734
111,1654,1654,1667,13,2,568387622
113,1667,1667,1681,14,1,7025394741
112,1665,1665,1695,30,3,303081338
114,1773,1773,1790,17,1,5009865609
116,1793,1793,1808,15,3,12251103295
115,1792,1792,1812,20,3,2948760230
0,7,7,35,28,2,588435528
3,17,17,38,21,1,7148770029
1,12,12,56,44,2,582451364
2,13,13,60,47,2,11884747697
6,61,61,81,20,3,2419462337
4,25,25,85,60,1,3677356981
7,73,73,89,16,2,10853277164
5,26,35,91,65,3,7025394742
11,96,96,117,21,3,9603445022
9,81,81,119,38,2,5785247180
10,96,96,130,34,3,6277544351
8,74,80,138,64,3,11850690936
12,109,117,139,30,1,5652253136
13,122,122,141,19,2,4836682657
14,125,125,143,18,3,632556630
15,136,136,163,27,2,6451312135
16,139,139,169,30,1,276094786
17,141,141,172,31,2,5652253143
19,148,148,198,50,3,7570152076
18,147,147,215,68,3,11867222819
21,186,186,216,30,3,6277544350
22,198,198,227,29,3,5785243428
20,165,165,231,66,3,3677356981
24,216,216,237,21,2,7150934894
23,209,215,258,49,3,2422417563
26,247,247,260,13,3,5785243393
25,226,226,266,40,1,5785243418
28,290,290,301,11,2,2953398977
27,263,263,302,39,3,11850657737
30,302,302,327,25,1,5280019859
29,299,299,330,31,3,5785251562
31,308,308,336,28,3,6812031067
32,322,322,361,39,2,5280019857
35,339,339,363,24,2,11850657737
34,327,328,366,39,1,3677357000
33,322,327,371,49,2,6451301171
37,348,361,374,26,2,12352904380
36,342,342,388,46,3,10616567487
39,354,366,391,37,2,12352904380
41,365,374,401,36,2,10926533426
38,350,363,419,69,3,11825709068
43,373,391,426,53,3,5278958882
40,358,371,427,69,2,582448616
44,375,401,431,56,1,8407457898
45,376,419,432,56,3,588432144
42,367,388,436,69,1,2433364450
46,378,426,446,68,2,273690435
47,390,427,464,74,2,4836682657
50,416,436,475,59,1,582448618
49,404,432,475,71,2,7025394741
51,425,446,481,56,1,3217650530
48,402,431,484,82,3,632556594
53,431,475,497,66,3,3217650522
55,436,481,501,65,1,3677356991
52,427,464,507,80,2,303081334
54,434,475,518,84,3,6819065629
56,447,484,525,78,1,6277544359
57,468,497,529,61,3,5785251561
59,477,507,542,65,1,11867222844
60,479,518,548,69,1,6451301147
61,501,525,550,49,1,162415975
58,470,501,553,83,2,11850690939
62,501,529,560,59,3,5785243412
66,505,553,569,64,1,632556605
64,503,548,578,75,1,6123947818
63,502,542,582,80,1,5280019859
70,509,582,600,91,1,2422417593
65,503,550,602,99,1,3677356990
67,505,560,612,107,3,300852177
68,507,569,612,105,2,9569659992
69,508,578,623,115,3,7570152076
71,510,600,628,118,2,4970685226
74,543,612,633,90,1,7115936015
73,515,612,634,119,3,582448617
75,560,623,639,79,1,5280019851
72,513,602,644,131,2,5278958877
76,565,628,669,104,3,12352725478
77,579,633,678,99,1,12352904378
79,597,639,679,82,2,10944293041
78,591,634,685,94,1,11850657737
80,597,644,688,91,3,588435516
81,603,669,698,95,2,5785243575
82,604,678,704,100,1,2422417580
83,604,679,711,107,3,11850690938
86,617,698,720,103,1,8372650002
84,605,685,721,116,3,5280019862
85,609,688,721,112,1,6811582504
87,622,704,735,113,1,2419462341
89,628,720,740,112,2,5785243577
92,655,735,748,93,3,11233742931
90,636,721,748,112,1,86087108
91,645,721,751,106,3,5785247192
88,627,711,762,135,1,13102148880
94,688,748,771,83,3,10926533453
93,670,740,776,106,1,3677356989
96,700,751,791,91,3,10926662945
95,699,748,791,92,1,5278958879
97,702,762,807,105,2,5785247189
98,702,771,811,109,1,3677357003
100,727,791,822,95,3,6819065630
99,714,776,825,111,3,12396712432
102,729,807,847,118,1,8372650007
104,754,822,854,100,1,10944293046
101,728,791,855,127,3,3677356989
103,751,811,862,111,3,5278958883
105,770,825,866,96,3,6277544342
0,19,19,52,33,1,5785243408
1,19,19,55,36,3,6304098475
2,28,28,57,29,1,1249744161
7,44,57,74,30,3,2419462327
3,39,39,82,43,2,123804650
6,42,55,89,47,3,5652253151
4,41,41,90,49,1,2419462341
5,41,52,94,53,2,2419462316
12,77,94,116,39,2,3217650530
8,48,74,116,68,2,7150932897
13,88,116,130,42,2,588435528
9,50,82,135,85,3,632556600
10,58,89,138,80,3,11850701379
11,71,90,142,71,1,6451312134
14,97,116,155,58,1,11850663310
18,125,142,161,36,3,7166810681
16,105,135,163,58,2,10926533434
17,124,138,168,44,3,6277544349
19,138,155,179,41,2,1884436472
15,98,130,194,96,2,10616567487
20,152,161,206,54,3,6819065631
23,185,185,210,25,1,10944293041
21,159,163,211,52,1,3677356991
22,169,169,216,47,3,304567409
25,196,206,226,30,3,5785243408
27,211,211,237,26,3,5009865618
30,228,237,254,26,2,11526125352
28,217,217,257,40,2,7148677221
24,191,194,258,67,2,3277796922
29,220,226,260,40,3,5526135771
26,203,210,264,61,2,3677357003
32,230,257,274,44,1,6451301130
33,250,258,280,30,2,3677357002
31,229,254,283,54,2,5652253136
34,255,260,301,46,1,10311912274
37,270,280,307,37,1,7767845155
35,258,264,322,64,2,303829249
39,282,301,323,41,3,5785247188
36,263,274,324,61,2,6338234703
38,273,283,331,58,1,626369662
40,283,307,335,52,2,6338234701
43,299,324,352,53,1,3277801684
42,295,323,363,68,2,3677357007
46,312,352,379,67,2,12253172251
47,315,363,381,66,1,12253172249
41,284,322,384,100,1,3677357002
44,300,331,385,85,2,3677357004
45,302,335,395,93,2,6451312134
50,327,384,401,74,2,3217650531
48,318,379,407,89,1,6304098476
49,323,381,410,87,3,6248772199
51,328,385,413,85,1,5009865579
54,343,407,418,75,1,3277801684
55,345,410,435,90,2,6265795693
56,348,413,445,97,1,6812031066
57,354,418,456,102,2,304567889
52,330,395,457,127,2,6338234699
53,342,401,459,117,1,7025394742
59,369,445,472,103,1,5785243575
61,384,457,476,92,2,582448610
58,361,435,484,123,1,6451301125
62,403,459,485,82,3,5278958873
0,1,1,31,30,3,3217650526
3,22,22,44,22,1,5785243444
2,20,20,47,27,3,10926662933
5,30,31,53,23,3,588435514
1,18,18,61,43,1,6338234695
4,25,25,81,56,3,6338234467
7,63,63,96,33,1,300852177
6,62,62,103,41,3,12903114921
8,68,68,113,45,2,7150934893
10,108,108,130,22,2,2419478062
12,110,113,135,25,2,4836682667
9,98,98,140,42,3,4836682661
11,108,108,140,32,2,7148624507
14,129,130,152,23,2,588432129
15,132,135,162,30,1,10944269672
13,129,129,163,34,1,6187443192
17,139,140,181,42,3,8372650007
16,137,140,185,48,1,300852177
19,146,162,193,47,3,4836682670
18,143,152,200,57,1,5785243566
20,151,163,205,54,2,3677356981
23,165,193,223,58,3,10926662954
21,152,181,225,73,3,6453004839
22,155,185,234,79,1,1884436461
24,171,200,240,69,3,12253172262
26,192,223,240,48,1,5785247189
25,184,205,249,65,2,5785243431
28,199,234,254,55,2,5785247191
27,194,225,264,70,2,6451328397
29,210,240,266,56,3,6451301169
30,211,240,271,60,1,7150932890
31,211,249,281,70,2,4836682670
33,224,264,285,61,3,6187443230
34,239,266,295,56,1,632556412
32,212,254,298,86,2,6338234699
35,239,271,301,62,1,5785243436
36,245,281,308,63,1,5785243570
39,260,298,313,53,2,6338234469
40,263,301,313,50,2,632556618
37,253,285,317,64,3,2953398972
38,254,295,341,87,1,626369656
42,268,313,343,75,3,12250988001
41,267,308,345,78,1,10616567487
43,281,313,346,65,2,5785247186
44,285,317,348,63,3,5652253153
45,287,341,366,79,2,4836682667
46,289,343,379,90,2,2433364449
48,311,346,383,72,3,8372650002
47,303,345,384,81,3,12352725488
49,330,348,385,55,3,632556608
53,344,384,400,56,2,5785243410
50,332,366,411,79,1,7767845155
0,4,4,36,32,2,5785243569
1,39,39,63,24,2,626369563
2,99,99,120,21,1,6819065628
3,120,120,142,22,3,11825709066
4,130,130,157,27,3,5785243426
5,137,137,172,35,1,5785243408
6,150,150,176,26,2,3677356991
7,211,211,240,29,1,6277544353
8,226,226,255,29,3,9603280240
12,291,291,313,22,1,11526125351
11,289,289,315,26,1,6248772199
10,286,286,316,30,3,12253963293
9,284,284,320,36,1,6474635008
15,328,328,342,14,3,10926883399
13,301,313,362,61,2,5785243436
14,301,315,366,65,2,626369561
18,364,364,386,22,3,5785243409
16,345,345,393,48,1,11825680705
17,356,356,417,61,3,6338234694
19,402,402,424,22,3,6187443196
21,440,440,453,13,1,6975236121
20,438,438,453,15,3,11819910706
22,468,468,492,24,2,5785243395
23,477,477,493,16,1,11825680702
24,540,540,560,20,2,6187443205
25,552,552,570,18,3,304567889
28,621,621,641,20,3,2419462337
27,620,620,645,25,2,5785243383
26,620,620,676,56,2,7115936008
29,658,658,685,27,3,588432121
32,676,676,687,11,1,6474635008
30,672,672,704,32,3,4836682662
31,674,674,708,34,3,3260934065
33,854,854,876,22,2,5785243444
34,879,879,903,24,2,12160823872
35,906,906,942,36,3,3677356998
36,931,931,962,31,3,582451364
37,970,970,989,19,2,632556624
38,974,974,995,21,2,3277796924
39,1055,1055,1066,11,2,6277544359
41,1067,1067,1086,19,3,3217650530
40,1056,1056,1091,35,3,5785243431
42,1099,1099,1116,17,1,6187443237
44,1121,1121,1142,21,3,6451301169
43,1119,1119,1144,25,1,162415975
45,1134,1134,1152,18,2,6338234696
46,1139,1139,1170,31,2,4970685227
49,1153,1153,1191,38,1,6277544351
47,1146,1146,1195,49,1,9603445022
50,1176,1176,1205,29,3,11867222817
48,1148,1148,1208,60,3,582451368
52,1191,1195,1212,21,3,2948760165
51,1181,1191,1229,48,2,11884747697
53,1228,1228,1240,12,2,3277796922
55,1247,1247,1276,29,1,2949473024
54,1238,1238,1286,48,3,10926840475
56,1256,1256,1288,32,1,5785243553
57,1261,1261,1289,28,3,5785251565
58,1264,1264,1320,56,1,7025253056
59,1313,1313,1333,20,2,12352337405
61,1341,1341,1355,14,2,10926883395
60,1338,1338,1357,19,2,5278958873
62,1343,1343,1381,38,2,2936176557
63,1375,1375,1396,21,2,626369624
64,1392,1392,1408,16,3,12352393103
65,1408,1408,1441,33,1,11825680716
69,1448,1448,1459,11,1,11825680716
66,1426,1426,1462,36,2,6819600159
67,1443,1443,1491,48,2,2953399195
70,1472,1472,1499,27,2,8372650007
68,1446,1446,1506,60,3,5785243433
71,1502,1502,1516,14,1,6423002608
72,1511,1511,1532,21,3,568387742
73,1546,1546,1566,20,3,1886594024
74,1577,1577,1602,25,1,3217650492
75,1581,1581,1626,45,1,12253963293
76,1654,1654,1681,27,1,1884436472
77,1670,1670,1690,20,1,5785243566
78,1697,1697,1716,19,1,6811585006
79,1701,1701,1721,20,1,6812031067
80,1766,1766,1777,11,3,3217650492
81,1784,1784,1806,22,2,12352904380
82,1793,1793,1813,20,2,6818723852
83,1808,1808,1833,25,1,10944293041
84,1827,1827,1849,22,1,11825680708
85,1861,1861,1878,17,1,11850663295
86,1901,1901,1918,17,3,3277796923
88,1909,1909,1921,12,1,12189144525
87,1907,1907,1934,27,2,7570152078
90,1935,1935,1957,22,1,5280019859
89,1934,1934,1967,33,2,6277544349
91,1951,1951,1968,17,2,5009865593
93,2029,2029,2053,24,3,11867222819
94,2040,2040,2056,16,1,5785243430
92,2027,2027,2064,37,1,12253172249
95,2041,2041,2070,29,3,632556606
96,2047,2047,2080,33,3,5652253124
97,2052,2053,2087,35,2,2422507459
98,2064,2064,2101,37,2,632556609
99,2075,2075,2104,29,1,5652253147
100,2107,2107,2121,14,2,300860837
102,2114,2114,2142,28,1,2422507457
101,2110,2110,2144,34,2,632556626
103,2129,2129,2150,21,2,2419462336
105,2145,2145,2168,23,3,10944293038
104,2142,2142,2174,32,3,303081331
106,2151,2151,2181,30,2,5009865601
108,2160,2160,2190,30,1,12352337405
109,2164,2168,2195,31,3,7115936012
107,2154,2154,2206,52,2,6265795693
110,2214,2214,2226,12,3,5280019850
111,2232,2232,2249,17,3,304567357
112,2240,2240,2260,20,3,6423676445
113,2249,2249,2273,24,1,6277544344
114,2269,2269,2289,20,2,11872840091
115,2298,2298,2320,22,3,9335441810
117,2329,2329,2342,13,1,3217650497
119,2337,2337,2353,16,1,3677356986
116,2314,2314,2362,48,1,12253172264
120,2362,2362,2387,25,3,6250756283
118,2336,2336,2394,58,2,162415975
123,2392,2392,2414,22,1,300854752
121,2380,2380,2425,45,2,5785243429
122,2392,2392,2426,34,1,6123947818
124,2405,2405,2435,30,3,5785243443
125,2415,2415,2443,28,2,5012738591
127,2427,2427,2461,34,2,11850690938
126,2417,2425,2470,53,3,3217650524
128,2489,2489,2508,19,3,6338234452
129,2492,2492,2511,19,3,12253172262
131,2567,2567,2596,29,3,5785251561
130,2558,2558,2598,40,1,10926662958
134,2603,2603,2616,13,1,4836682657
132,2569,2569,2619,50,1,5278958881
133,2589,2589,2637,48,1,5785243428
136,2621,2621,2665,44,2,12253172251
135,2614,2614,2666,52,3,303081463
137,2639,2639,2673,34,1,588432140
138,2647,2647,2693,46,2,11884747698
140,2682,2682,2711,29,3,123804647
139,2668,2668,2725,57,3,5785247209
141,2683,2683,2728,45,2,9603280240
142,2712,2712,2748,36,1,5785243433
143,2740,2740,2764,24,1,6819013532
144,2761,2761,2775,14,3,5278958877
146,2777,2777,2798,21,3,304567357
145,2768,2768,2804,36,2,6451301148
147,2790,2790,2806,16,2,6277544351
149,2799,2799,2824,25,2,5785243567
148,2797,2797,2840,43,2,9603445021
151,2831,2831,2853,22,1,5785243397
150,2826,2826,2867,41,2,3277801684
152,2846,2846,2875,29,2,3217650492
153,2860,2860,2877,17,1,7025253058
154,2925,2925,2943,18,3,5278958873
155,3002,3002,3026,24,3,6338234471
156,3062,3062,3086,24,3,10926662953
157,3085,3085,3098,13,3,5785243387
158,3108,3108,3127,19,2,11872840092
159,3110,3110,3129,19,2,2422417560
160,3135,3135,3149,14,3,5785243430
161,3145,3145,3163,18,3,2419462330
162,3176,3176,3198,22,2,126039798
163,3192,3192,3221,29,3,5009865613
164,3213,3213,3235,22,2,5785243444
166,3222,3222,3238,16,3,6338234707
165,3221,3221,3250,29,3,10944328925
168,3245,3245,3263,18,1,2422417573
167,3227,3227,3267,40,1,11850701379
169,3276,3276,3290,14,3,300854752
170,3278,3278,3295,17,3,10926533436
171,3297,3297,3321,24,2,3677356991
172,3323,3323,3340,17,2,6187443226
173,3346,3346,3370,24,2,2948760186
175,3361,3361,3381,20,3,7025394743
176,3371,3371,3388,17,3,2953399199
174,3355,3355,3398,43,2,3217650530
177,3377,3377,3405,28,2,6338234471
178,3390,3390,3412,22,1,5652253137
179,3416,3416,3433,17,1,5652253151
180,3422,3422,3448,26,1,1882736871
181,3431,3431,3457,26,2,4836682655
182,3433,3433,3471,38,2,3277801682
183,3455,3455,3474,19,2,582448610
184,3461,3461,3519,58,3,582448617
185,3514,3514,3540,26,2,2419478062
186,3541,3541,3555,14,2,588435521
187,3544,3544,3563,19,3,5526135771
190,3556,3556,3574,18,1,5526135771
189,3554,3554,3577,23,3,11825680696
188,3553,3553,3584,31,2,6453004843
192,3582,3582,3595,13,2,7025394744
191,3576,3576,3604,28,2,5652253146
1,15,15,28,13,3,626369635
0,3,3,35,32,2,12251103295
2,17,17,39,22,1,6451312135
3,29,29,44,15,2,2425150111
4,43,43,71,28,1,1249744153
5,62,62,78,16,1,7767845155
7,71,71,102,31,3,12396712432
9,79,79,111,32,3,5652253138
6,68,68,112,44,3,304567360
8,79,79,126,47,3,8407457904
10,80,80,149,69,1,568387584
11,137,137,151,14,1,6975236121
12,139,139,159,20,1,4836682667
13,182,182,205,23,1,5785243567
14,211,211,228,17,2,12352383821
15,235,235,256,21,1,12160823872
16,267,267,283,16,2,276094786
17,273,273,292,19,1,3217650509
18,298,298,321,23,1,5785243441
20,324,324,342,18,3,6187443237
19,308,308,349,41,2,2949520309
22,341,341,359,18,3,7570152078
21,340,340,377,37,2,6277544353
23,354,354,379,25,1,3217650497
24,354,354,388,34,2,2422417580
25,373,373,394,21,2,588435521
26,405,405,423,18,1,632556624
28,433,433,448,15,3,6277544354
27,430,430,450,20,3,3677356999
29,440,440,487,47,1,10944328925
30,473,473,499,26,2,6812031066
31,480,480,501,21,1,11825680701
32,488,488,516,28,1,11526125354
33,488,488,520,32,2,5785243394
34,537,537,551,14,1,5012739281
35,552,552,565,13,2,3217650510
37,576,576,591,15,1,2422507459
36,571,571,597,26,3,9335441810
40,629,629,641,12,3,6812031067
38,610,610,645,35,1,6451301130
41,633,633,654,21,1,5785271024
39,623,623,660,37,2,5278958876
42,660,660,674,14,3,311097341
43,665,665,678,13,1,12253172248
46,679,679,694,15,3,303080697
44,665,665,696,31,1,6248772199
45,678,678,698,20,1,588432108
47,700,700,720,20,3,276094786
48,734,734,752,18,1,5652253145
49,757,757,792,35,2,5785243424
50,839,839,868,29,1,5280019857
51,927,927,954,27,1,588432103
52,961,961,981,20,2,588435528
53,963,963,994,31,2,5652253128
54,998,998,1015,17,3,12253172264
56,1025,1025,1049,24,2,5785243429
57,1026,1026,1065,39,3,6811585006
55,1015,1015,1066,51,2,7115936015
58,1071,1071,1095,24,3,6338234459
59,1130,1130,1152,22,1,9603276339
60,1147,1147,1168,21,3,13102148880
62,1168,1168,1189,21,1,12253172251
61,1158,1158,1204,46,3,3677357000
63,1209,1209,1230,21,1,2948760163
64,1254,1254,1275,21,2,6819013531
65,1261,1261,1294,33,2,5280019862
66,1277,1277,1299,22,2,6187443197
69,1285,1285,1302,17,2,11850701372
68,1282,1282,1310,28,3,12352383823
67,1281,1281,1312,31,2,6304098475
71,1303,1303,1318,15,1,7166810681
70,1299,1299,1329,30,2,300852250
72,1305,1310,1336,31,1,6819013531
73,1322,1322,1339,17,2,11850701381
74,1323,1323,1348,25,2,304567889
75,1341,1341,1364,23,2,11867222815
77,1426,1426,1452,26,1,6451301169
76,1422,1422,1454,32,1,8407457904
79,1462,1462,1487,25,3,3260934062
78,1457,1457,1493,36,1,5785243410
80,1487,1487,1509,22,3,582451364
81,1494,1494,1511,17,2,5785271030
82,1570,1570,1595,25,3,5652253138
83,1586,1586,1612,26,3,5652253131
84,1602,1602,1624,22,3,7150900679
85,1620,1620,1641,21,1,6819065629
86,1620,1620,1643,23,1,5652253124
87,1640,1640,1671,31,1,582448609
88,1661,1661,1681,20,1,13238104381
89,1682,1682,1710,28,2,8372650007
90,1683,1683,1712,29,3,6277544355
91,1757,1757,1780,23,1,6304098476
92,1766,1766,1795,29,1,11867222841
93,1773,1773,1806,33,3,5785243428
95,1811,1811,1824,13,3,5785243410
94,1805,1805,1828,23,2,5785243385
96,1815,1815,1836,21,3,6338234462
97,1897,1897,1918,21,1,2419462338
98,1916,1916,1938,22,1,5846950924
99,1924,1924,1946,22,3,6248772199
100,1957,1957,1998,41,2,303086754
101,2096,2096,2109,13,3,11867222816
102,2116,2116,2134,18,3,2948760162
104,2143,2143,2157,14,3,632556595
103,2132,2132,2159,27,3,12352337405
106,2171,2171,2183,12,2,626369565
105,2169,2169,2184,15,1,300854752
108,2172,2172,2186,14,2,11872840090
107,2171,2171,2190,19,2,3217650493
109,2185,2185,2208,23,1,2422507449
111,2227,2227,2241,14,1,3277801681
110,2223,2223,2251,28,2,6187442378
112,2241,2241,2256,15,1,5785271028
113,2250,2250,2263,13,2,632556602
114,2283,2283,2303,20,2,2419462328
115,2305,2305,2329,24,1,3677357003
116,2307,2307,2333,26,2,6338234452
117,2314,2314,2342,28,1,2419462316
118,2362,2362,2376,14,2,11850690939
119,2366,2366,2379,13,3,6338234462
120,2372,2372,2391,19,1,632556630
122,2388,2388,2401,13,2,6338234450
121,2382,2382,2412,30,2,9603303820
123,2410,2410,2422,12,1,11850701372
124,2453,2453,2473,20,1,2422417586
125,2526,2526,2542,16,1,5280019861
126,2562,2562,2581,19,3,5652253139
127,2588,2588,2605,17,1,10926840462
128,2604,2604,2619,15,3,3217650528
130,2610,2610,2622,12,1,11850690939
129,2607,2607,2627,20,3,6277544353
131,2612,2612,2631,19,2,2419462341
132,2659,2659,2682,23,2,12903114922
133,2689,2689,2717,28,3,582448613
134,2708,2708,2740,32,2,6819065630
135,2734,2734,2757,23,2,5652253151
136,2739,2739,2788,49,1,2433364449
139,2770,2770,2789,19,2,632556624
138,2768,2768,2789,21,1,3217650530
137,2762,2762,2794,32,2,13203756304
140,2780,2780,2809,29,1,6338234462
141,2791,2791,2812,21,3,11867222849
142,2807,2807,2827,20,3,86087108
143,2838,2838,2855,17,3,626369624
144,2855,2855,2877,22,1,303081338
145,2883,2883,2898,15,1,6812031068
147,2911,2911,2937,26,1,582448612
146,2910,2910,2942,32,2,5785243410
148,2925,2925,2953,28,1,2419462315
149,2931,2931,2954,23,3,5785243410
150,3005,3005,3026,21,2,10926662958
152,3007,3007,3044,37,1,632556630
151,3007,3007,3060,53,1,303829249
156,3038,3044,3075,37,3,5785243450
153,3024,3024,3082,58,1,303843119
155,3035,3035,3083,48,2,11825680701
154,3024,3024,3084,60,1,7025394744
158,3055,3075,3092,37,3,304567679
157,3042,3060,3108,66,3,5652253147
159,3056,3082,3118,62,3,9569659991
160,3056,3083,3131,75,1,5278958877
161,3103,3103,3133,30,1,6277544357
162,3109,3109,3135,26,2,5785247192
163,3112,3112,3169,57,3,9335441810
164,3125,3125,3171,46,1,5785197483
165,3157,3157,3189,32,1,5652253145
166,3165,3165,3196,31,3,12352725488
168,3166,3169,3201,35,2,304567409
169,3169,3171,3203,34,2,5278958875
167,3166,3166,3214,48,1,6338234699
170,3185,3189,3222,37,3,1884436472
171,3210,3210,3235,25,1,11825680711
172,3214,3214,3241,27,1,303080714
173,3245,3245,3263,18,3,6338234466
175,3257,3257,3268,11,2,303080714
174,3253,3253,3283,30,2,6187448109
176,3261,3261,3290,29,3,5785243396
177,3261,3261,3294,33,2,12352383830
178,3273,3273,3306,33,1,6819065628
180,3293,3293,3311,18,2,6338234450
179,3292,3292,3329,37,3,5785247187
181,3318,3318,3338,20,1,2949473024
183,3376,3376,3392,16,1,3677356984
182,3376,3376,3396,20,2,304567360
184,3431,3431,3446,15,2,9603445021
185,3434,3434,3455,21,3,4836682657
186,3471,3471,3494,23,3,2422417563
187,3472,3472,3500,28,3,11825709068
188,3522,3522,3538,16,3,3217650536
189,3528,3528,3555,27,2,9335441810
190,3563,3563,3583,20,2,5278958878
193,3646,3646,3657,11,1,4836682657
191,3638,3638,3659,21,3,4944850106
192,3642,3642,3662,20,1,5009865593
194,3721,3721,3741,20,2,126040332
196,3729,3729,3746,17,3,6811582503
195,3728,3728,3748,20,3,582448614
197,3749,3749,3770,21,2,5280019863
0,68,68,90,22,1,6250756283
2,101,101,130,29,1,5785243553
3,124,124,138,14,1,5785247189
1,92,92,138,46,2,9335441809
4,130,130,147,17,2,5785243385
7,152,152,172,20,2,11850690938
5,146,146,175,29,2,5652253143
6,151,151,186,35,1,13102148877
8,186,186,207,21,3,11872840095
9,214,214,235,21,2,9603303820
10,251,251,271,20,3,6338234468
11,283,283,303,20,2,6277544354
12,285,285,305,20,1,7025253055
13,287,287,326,39,3,12253768586
14,321,321,343,22,1,6451312130
16,328,328,343,15,1,3677356987
15,328,328,364,36,3,5785243429
17,343,343,372,29,3,2953399201
18,371,371,393,22,3,6812031053
19,414,414,432,18,1,2419462327
20,489,489,516,27,1,3677357012
21,501,501,517,16,3,5785243385
22,514,514,538,24,2,303081334
23,530,530,544,14,1,5785243412
24,538,538,554,16,1,12253172248
25,565,565,580,15,3,11526125351
26,568,568,584,16,3,2948760230
27,578,578,600,22,1,6187443237
28,580,580,603,23,2,10926533453
30,601,601,617,16,1,3217650523
29,597,597,642,45,2,10926840475
31,608,608,650,42,2,7115936008
32,643,643,667,24,3,2419462331
33,664,664,683,19,2,4836682667
35,685,685,702,17,2,10944328925
34,674,674,708,34,2,7025253055
36,708,708,735,27,3,582448608
37,714,714,748,34,3,9603445022
38,766,766,781,15,1,7148677220
39,769,769,783,14,3,5012738591
40,776,776,791,15,2,303080697
41,893,893,917,24,3,6819600159
42,895,895,917,22,2,11850690941
43,921,921,940,19,3,300860837
44,941,941,959,18,1,2422417598
45,944,944,967,23,3,10926533432
46,970,970,985,15,1,5652253153
47,983,983,1006,23,3,5652253139
48,1008,1008,1028,20,1,5785243395
49,1022,1022,1039,17,1,3677356991
50,1048,1048,1067,19,3,11872840092
51,1108,1108,1120,12,1,6453004843
52,1145,1145,1162,17,2,3217650523
53,1166,1166,1181,15,3,3677356995
54,1179,1179,1205,26,2,5278958881
56,1240,1240,1252,12,2,5278958880
55,1233,1233,1257,24,3,5009865593
58,1246,1246,1267,21,3,6187443196
59,1250,1252,1278,28,3,10616567487
57,1243,1243,1282,39,2,10944293041
60,1280,1280,1309,29,3,7150932889
61,1298,1298,1317,19,2,3217650524
62,1332,1332,1349,17,3,6338234459
63,1351,1351,1364,13,1,6451312130
64,1357,1357,1371,14,1,3677357004
66,1387,1387,1407,20,3,6451301125
65,1384,1384,1412,28,3,7115936008
67,1463,1463,1479,16,2,11850663310
68,1477,1477,1492,15,1,3677357006
69,1520,1520,1548,28,2,5009865618
70,1527,1527,1557,30,2,2948760186
71,1581,1581,1606,25,2,10926662945
73,1628,1628,1641,13,1,10926662941
74,1633,1633,1661,28,1,3677357012
72,1618,1618,1662,44,2,3228594797
75,1640,1640,1668,28,3,2419462336
77,1656,1661,1685,29,2,11819910710
76,1648,1648,1689,41,1,3677357010
78,1666,1666,1706,40,2,5785243423
79,1694,1694,1713,19,3,303081337
80,1698,1698,1723,25,1,5652253136
81,1707,1707,1732,25,3,3260934063
82,1717,1717,1740,23,2,5652253153
83,1732,1732,1757,25,3,12352904378
85,1753,1753,1768,15,1,2422507459
84,1732,1732,1779,47,3,83666735
86,1772,1772,1787,15,2,1249744154
87,1796,1796,1814,18,1,303080822
88,1829,1829,1850,21,2,6338234699
89,1857,1857,1882,25,1,13238104380
90,1887,1887,1903,16,1,3677357010
91,1904,1904,1933,29,2,4763977905
92,1972,1972,1998,26,2,303080819
93,1973,1973,1999,26,2,6123947815
94,1982,1982,2000,18,1,2422417560
95,1989,1989,2005,16,2,126049914
96,2029,2029,2051,22,3,588432140
97,2131,2131,2148,17,3,2422417567
98,2182,2182,2197,15,2,2419462324
99,2210,2210,2226,16,2,6816408253
100,2211,2211,2229,18,2,3260934065
101,2257,2257,2270,13,1,7162555966
102,2264,2264,2304,40,3,11850701381
103,2333,2333,2356,23,2,10926662939
104,2371,2371,2391,20,1,3217650492
106,2393,2393,2410,17,1,11867222816
107,2402,2402,2427,25,1,86087108
105,2377,2377,2427,50,3,626369662
108,2408,2408,2430,22,2,6265795693
109,2439,2439,2462,23,1,3217650522
110,2466,2466,2483,17,1,1249744155
111,2472,2472,2490,18,2,6451301171
112,2504,2504,2529,25,1,6277544335
113,2511,2511,2531,20,3,2953398972
114,2515,2515,2535,20,2,5652253125
115,2547,2547,2562,15,3,9603276339
116,2555,2555,2575,20,3,5652253133
117,2560,2560,2593,33,3,2422417563
118,2585,2585,2596,11,3,6812031067
119,2607,2607,2633,26,3,5785243427
120,2623,2623,2641,18,1,2419462338
121,2660,2660,2682,22,3,3277796924
122,2671,2671,2695,24,1,7025394744
124,2692,2692,2709,17,1,303086754
123,2687,2687,2715,28,2,12352383821
125,2703,2703,2724,21,1,11850856679
126,2743,2743,2770,27,1,6338234694
127,2752,2752,2776,24,1,5785243387
129,2758,2758,2793,35,2,5652253141
128,2756,2756,2797,41,2,11884747697
130,2766,2766,2806,40,2,12352393103
131,2780,2780,2806,26,1,1882736856
133,2828,2828,2847,19,1,5785243553
132,2810,2810,2848,38,2,4763981116
134,2839,2839,2857,18,1,582448611
135,2853,2853,2875,22,1,12250968499
136,2885,2885,2909,24,2,5009865618
138,2897,2897,2920,23,2,6811585006
137,2887,2887,2925,38,1,11850701381
140,2919,2919,2942,23,2,11872840092
139,2904,2904,2944,40,2,6819013531
141,2936,2936,2965,29,3,5785243422
142,2952,2952,2985,33,2,2433364461
143,2956,2956,2989,33,3,10926533434
144,2972,2972,3004,32,1,6811582504
145,3000,3000,3020,20,2,10926883395
146,3042,3042,3065,23,2,3677357009
147,3056,3056,3072,16,1,632556609
148,3073,3073,3100,27,3,7150900679
150,3095,3095,3112,17,1,6277544350
149,3082,3082,3118,36,2,3277796924
151,3137,3137,3152,15,1,632556623
152,3183,3183,3196,13,2,2422507449
153,3206,3206,3230,24,2,3677357003
154,3232,3232,3251,19,2,13238104381
155,3237,3237,3255,18,3,11867222816
156,3243,3243,3280,37,3,6819013531
157,3256,3256,3285,29,1,2953399195
158,3266,3266,3291,25,3,2422417580
159,3298,3298,3318,20,2,5785243412
160,3380,3380,3400,20,3,2422417598
161,3386,3386,3404,18,2,6812031068
162,3419,3419,3436,17,2,5652253131
163,3447,3447,3462,15,2,12352904378
164,3477,3477,3496,19,1,11867222817
166,3508,3508,3524,16,1,12250968499
165,3494,3494,3524,30,1,4763981116
168,3511,3511,3527,16,3,5785243410
167,3511,3511,3536,25,2,11851303878
169,3534,3534,3549,15,1,2422417561
170,3547,3547,3561,14,1,568387584
172,3556,3556,3572,16,1,6812031059
171,3555,3555,3579,24,3,632556412
0,9,9,30,21,2,6811585006
4,76,76,88,12,3,10926840442
2,68,68,89,21,1,10853217306
1,54,54,103,49,2,5009865606
3,72,72,105,33,3,5652253125
5,93,93,128,35,2,582448611
6,123,123,139,16,2,6338234464
7,127,127,152,25,1,126049914
8,143,143,170,27,2,6277544356
9,149,149,192,43,2,12189144520
10,169,169,201,32,2,6819065629
11,177,177,205,28,2,6451328265
12,192,192,218,26,3,6410305312
13,259,259,288,29,2,12253963293
15,287,287,306,19,2,11867222816
14,285,285,317,32,1,304567562
16,290,290,327,37,2,7150932890
17,320,320,337,17,1,6812031066
18,322,322,343,21,1,303081337
19,327,327,366,39,2,4944850106
20,346,346,374,28,2,2419462316
22,360,360,381,21,1,5012738591
21,356,356,398,42,3,5785243431
23,379,379,401,22,2,5785271030
24,383,383,406,23,1,3219332122
25,397,397,423,26,1,2422417574
27,490,490,508,18,1,13238104380
26,482,482,520,38,1,5785247189
28,532,532,545,13,3,304567569
1,7,7,24,17,3,626369624
0,1,1,41,40,3,6338234450
3,32,32,45,13,3,632556630
4,37,37,58,21,2,7148770033
2,18,18,67,49,2,588435528
5,55,55,81,26,1,3217650506
8,71,71,93,22,1,5785243573
7,71,71,96,25,1,3677357002
6,57,57,97,40,3,4836682657
9,83,83,105,22,1,7162561587
11,89,93,119,30,2,588435516
12,107,107,125,18,3,3677357006
10,85,85,134,49,2,3677357003
14,119,119,148,29,2,2953399200
13,115,115,148,33,1,6818723851
15,127,127,170,43,1,5785251563
16,167,167,188,21,2,4970685227
17,185,185,214,29,1,588432117
18,200,200,228,28,2,632556626
19,207,207,246,39,3,1884436482
20,244,244,268,24,3,5652253145
21,251,251,283,32,2,11850690937
22,321,321,345,24,3,626369643
23,334,334,361,27,1,6277544351
25,361,361,375,14,1,12253768586
24,340,340,384,44,2,5785243429
26,363,363,391,28,3,626369662
27,388,388,423,35,2,6818723852
28,427,427,449,22,1,2422417573
29,456,456,477,21,1,6338234696
30,476,476,501,25,2,6338234695
31,487,487,509,22,1,5785251562
33,497,497,511,14,2,632556630
32,490,490,523,33,1,6304098475
35,515,515,548,33,3,5009865601
36,527,527,550,23,3,582448611
37,538,538,553,15,3,4836682657
34,497,497,560,63,1,5009865609
38,556,556,586,30,2,4763981115
39,599,599,617,18,3,5785247182
41,636,636,650,14,3,6812031063
40,629,629,652,23,2,2948760230
42,667,667,686,19,3,11825680695
43,694,694,714,20,2,5278958872
45,703,703,725,22,2,1249744159
44,699,699,727,28,2,5785243577
47,726,726,737,11,2,6812031063
46,718,718,753,35,2,6265795699
50,759,759,771,12,3,300852251
48,753,753,775,22,1,303081331
49,758,758,784,26,3,303081338
51,835,835,848,13,1,12352337405
53,856,856,873,17,3,1882736870
54,878,878,893,15,2,3217650497
52,843,843,906,63,2,7115936015
56,902,902,913,11,1,6812031067
55,899,899,919,20,1,5009865618
0,29,29,53,24,3,626369563
1,49,49,80,31,2,11526125354
2,65,65,81,16,2,10311912274
3,114,114,128,14,1,12253172251
4,146,146,159,13,2,6453004854
5,184,184,204,20,3,12095987389
6,184,184,210,26,2,5785243570
7,230,230,251,21,2,6187443230
8,295,295,314,19,3,3677357012
9,307,307,336,29,2,7148653737
10,327,327,341,14,3,3677356986
11,328,328,360,32,3,1249744154
12,350,350,373,23,2,588432103
13,354,354,376,22,3,7148716169
14,382,382,400,18,1,588435521
15,401,401,413,12,3,4944851336
16,406,406,432,26,2,9569659992
18,430,430,448,18,3,1886594063
17,428,428,451,23,2,12352383828
19,483,483,494,11,2,2422417586
20,518,518,543,25,3,632556625
21,526,526,554,28,3,1886594025
22,576,576,604,28,2,3260934067
23,585,585,604,19,2,3677357006
25,621,621,641,20,1,6821726161
24,600,600,644,44,1,5009865609
26,695,695,720,25,1,2422417593
27,729,729,745,16,2,6338234698
28,731,731,748,17,3,11218730951
29,750,750,766,16,1,3677357000
30,759,759,781,22,2,2433364450
31,779,779,796,17,1,303080714
32,795,795,807,12,3,9569659989
33,803,803,821,18,1,11867222816
34,816,816,843,27,3,6451301148
35,881,881,901,20,1,12396712432
36,907,907,928,21,3,10926883395
37,912,912,932,20,2,6187443196
39,953,953,966,13,3,11872840092
38,946,946,971,25,1,1249744151
40,973,973,999,26,1,6248772199
41,992,992,1015,23,3,582451369
42,1004,1004,1025,21,2,2949473024
43,1006,1006,1035,29,1,3219332106
44,1024,1024,1045,21,1,3277801684
45,1069,1069,1093,24,3,5280019861
46,1088,1088,1119,31,2,6338234467
48,1160,1160,1174,14,3,12352383827
47,1157,1157,1188,31,1,2419462349
49,1177,1177,1206,29,1,582448615
50,1222,1222,1244,22,2,3677356983
51,1247,1247,1263,16,3,10717621191
52,1253,1253,1272,19,3,6277544355
54,1262,1262,1274,12,3,13238104381
53,1259,1259,1282,23,2,5280019863
55,1275,1275,1299,24,3,4836682670
56,1290,1290,1313,23,3,6187443237
57,1301,1301,1317,16,3,3217650536
58,1309,1309,1333,24,1,12903114922
59,1374,1374,1401,27,1,11867222844
60,1388,1388,1436,48,1,12253172264
61,1429,1429,1443,14,2,5785243566
62,1437,1437,1464,27,2,6338234482
63,1445,1445,1466,21,1,303080697
64,1500,1500,1513,13,2,3277801682
65,1518,1518,1532,14,3,126040332
66,1571,1571,1589,18,2,5280019859
67,1630,1630,1645,15,3,5652253144
68,1635,1635,1663,28,3,5785243419
72,1674,1674,1690,16,2,11872840094
70,1639,1639,1693,54,3,12903114922
69,1639,1639,1697,58,1,5785243422
71,1673,1673,1709,36,1,304567569
75,1711,1711,1727,16,3,126049911
73,1683,1683,1735,52,3,11825680716
74,1693,1693,1739,46,2,588435514
78,1740,1740,1755,15,2,13238104380
77,1737,1737,1767,30,2,3677356999
76,1725,1725,1778,53,1,12253172263
79,1800,1800,1815,15,1,5009865611
80,1830,1830,1873,43,3,4836682660
81,1860,1860,1889,29,1,632556414
82,1904,1904,1924,20,3,12253768586
83,1917,1917,1933,16,1,6187443192
84,1937,1937,1954,17,2,300852177
85,1954,1954,1981,27,3,7150934893
86,1962,1962,1986,24,2,2419462331
87,2021,2021,2043,22,1,5785243385
88,2028,2028,2049,21,2,6277544354
89,2045,2045,2061,16,2,2419462336
91,2051,2051,2062,11,3,5785243385
90,2048,2048,2072,24,3,6410305314
92,2088,2088,2104,16,1,11884747698
93,2092,2092,2128,36,1,10717621191
94,2159,2159,2185,26,2,5652253143
95,2169,2169,2186,17,3,7024891232
96,2177,2177,2212,35,2,5785247188
97,2201,2201,2213,12,2,6410305317
98,2226,2226,2239,13,2,7570152078
100,2273,2273,2293,20,1,626369624
0,5,5,24,19,3,6818723851
1,20,20,38,18,3,6451312130
2,27,27,56,29,2,11850701374
4,95,95,115,20,3,3217650491
3,93,93,122,29,3,5785243430
5,126,126,140,14,3,5785243391
6,157,157,177,20,2,6338234462
7,163,163,192,29,3,582448618
0,10,10,29,19,1,2419462328
1,15,15,40,25,2,5278958875
2,20,20,51,31,1,6248772198
3,89,89,106,17,1,5785271024
4,94,94,117,23,3,6187443197
5,109,109,128,19,2,11850690941
6,118,118,131,13,2,8407457899
7,130,130,153,23,3,10944293038
8,145,145,162,17,1,6825540753
9,145,145,171,26,3,2422417586
10,153,153,172,19,1,3677356989
11,173,173,195,22,1,9569659991
99,2270,2270,2295,25,3,5012739281
101,2327,2327,2350,23,1,5785243450
102,2337,2337,2352,15,2,2419462324
103,2354,2354,2372,18,3,5278958877
104,2369,2369,2382,13,3,2419462314
105,2417,2417,2433,16,1,5280019859
106,2455,2455,2472,17,3,6277544355
107,2456,2456,2482,26,2,304567409
108,2473,2473,2498,25,1,12253172251
109,2530,2530,2557,27,3,6812031052
110,2536,2536,2561,25,1,7148770029
111,2570,2570,2610,40,3,5785243422
112,2588,2588,2613,25,1,582448610
113,2626,2626,2660,34,1,1249744153
114,2683,2683,2703,20,1,2422417587
115,2702,2702,2731,29,1,5009865593
116,2721,2721,2744,23,1,5278958873
117,2805,2805,2830,25,2,12250968498
118,2820,2820,2838,18,3,11850663310
119,2821,2821,2844,23,1,582451369
120,2825,2825,2873,48,2,11526125351
121,2866,2866,2877,11,3,582451369
122,2886,2886,2904,18,1,5009865615
123,2900,2900,2923,23,2,1249744158
124,2929,2929,2940,11,2,9603445021
125,2945,2945,2961,16,1,5652253127
126,2949,2949,2982,33,1,10926533423
127,2963,2963,2989,26,1,6818723852
128,2972,2972,2995,23,3,5652253135
129,2988,2988,3018,30,3,5785247200
130,3089,3089,3109,20,2,2419462349
131,3103,3103,3122,19,3,9603303820
132,3109,3109,3136,27,1,2953399195
133,3135,3135,3151,16,2,2422417573
134,3138,3138,3172,34,3,7148653732
135,3158,3158,3185,27,3,5785243386
137,3183,3183,3195,12,2,3059998141
136,3178,3178,3206,28,2,123804647
138,3204,3204,3232,28,2,6812031068
139,3213,3213,3240,27,2,11851303878
142,3235,3235,3250,15,1,6451301130
141,3225,3225,3252,27,2,5785243553
140,3225,3225,3254,29,1,5280019849
145,3267,3267,3283,16,3,3677356994
143,3253,3253,3290,37,3,9877602155
144,3255,3255,3295,40,1,6451312134
146,3329,3329,3342,13,1,1886594025
147,3337,3337,3354,17,3,588435514
148,3368,3368,3386,18,3,5652253151
149,3371,3371,3389,18,3,6816385762
151,3392,3392,3414,22,1,3677356981
150,3385,3385,3423,38,3,6819013531
152,3403,3403,3427,24,2,5785243569
153,3420,3420,3445,25,1,5012739281
154,3424,3424,3460,36,1,12352355200
155,3471,3471,3485,14,3,6451312135
156,3473,3473,3505,32,1,3217650528
157,3512,3512,3527,15,3,7767845155
159,3531,3531,3543,12,1,11825680703
158,3517,3517,3548,31,3,7767845155
161,3548,3548,3573,25,2,1249744153
163,3566,3566,3578,12,1,5009865591
160,3548,3548,3578,30,3,5009865618
162,3559,3559,3592,33,1,5652253143
164,3623,3623,3645,22,3,304567889
165,3625,3625,3652,27,1,5785247183
166,3648,3648,3667,19,1,311097341
167,3665,3665,3680,15,1,5785247185
168,3689,3689,3703,14,1,6187443235
169,3693,3693,3728,35,1,5785197483
171,3712,3712,3734,22,3,11867222817
170,3706,3706,3738,32,1,2433364449
172,3718,3718,3755,37,1,2422417575
173,3724,3724,3779,55,2,582448612
174,3773,3773,3792,19,2,2419462337
175,3801,3801,3822,21,1,4836682664
176,3812,3812,3828,16,3,12253172251
177,3893,3893,3912,19,3,626369624
179,3911,3911,3929,18,2,12253768589
178,3903,3903,3958,55,2,5846950924
180,3926,3926,3965,39,1,6453004839
182,3965,3965,3981,16,3,273690435
181,3953,3953,3982,29,2,3302591601
184,3979,3979,3992,13,1,626369663
183,3973,3973,3998,25,1,126049914
185,3989,3989,4023,34,3,3677356987
186,3991,3991,4033,42,1,3217650533
187,4020,4020,4049,29,2,6811582503
188,4048,4048,4070,22,2,300857355
189,4072,4072,4090,18,1,5785251564
191,4088,4088,4109,21,2,6811585006
190,4082,4082,4110,28,2,5652253149
192,4088,4088,4141,53,3,9569659992
193,4100,4100,4162,62,2,6453004850
194,4143,4143,4168,25,3,304567570
195,4151,4151,4192,41,3,6451328397
196,4165,4165,4208,43,3,6338234452
197,4198,4198,4211,13,3,6453004848
198,4205,4205,4222,17,3,1886594063
199,4208,4208,4226,18,1,5785243443
0,5,5,24,19,3,6818723851
1,20,20,38,18,3,6451312130
2,27,27,56,29,2,11850701374
4,95,95,115,20,3,3217650491
3,93,93,122,29,3,5785243430
5,126,126,140,14,3,5785243391
6,157,157,177,20,2,6338234462
7,163,163,192,29,3,582448618
0,10,10,29,19,1,2419462328
1,15,15,40,25,2,5278958875
2,20,20,51,31,1,6248772198
3,89,89,106,17,1,5785271024
4,94,94,117,23,3,6187443197
5,109,109,128,19,2,11850690941
6,118,118,131,13,2,8407457899
7,130,130,153,23,3,10944293038
8,145,145,162,17,1,6825540753
9,145,145,171,26,3,2422417586
10,153,153,172,19,1,3677356989
11,173,173,195,22,1,9569659991
0,5,5,24,19,3,6818723851
1,20,20,38,18,3,6451312130
2,27,27,56,29,2,11850701374
4,95,95,115,20,3,3217650491
3,93,93,122,29,3,5785243430
5,126,126,140,14,3,5785243391
6,157,157,177,20,2,6338234462
7,163,163,192,29,3,582448618
8,185,185,211,26,1,5652253131
9,205,205,224,19,3,12253172262
10,212,212,227,15,3,2382893441
11,274,274,287,13,3,6248751188
12,317,317,355,38,2,5278958881
13,359,359,383,24,3,10926840457
15,379,379,394,15,2,632556599
14,376,376,400,24,1,6453004843
17,422,422,437,15,3,5785247193
16,414,414,438,24,1,5785243444
0,10,10,29,19,1,2419462328
1,15,15,40,25,2,5278958875
2,20,20,51,31,1,6248772198
3,89,89,106,17,1,5785271024
4,94,94,117,23,3,6187443197
5,109,109,128,19,2,11850690941
6,118,118,131,13,2,8407457899
7,130,130,153,23,3,10944293038
8,145,145,162,17,1,6825540753
9,145,145,171,26,3,2422417586
10,153,153,172,19,1,3677356989
11,173,173,195,22,1,9569659991
12,189,189,204,15,1,2953398977
13,215,215,231,16,2,5785243573
14,242,242,263,21,3,6453004848
15,272,272,295,23,3,6410305312
16,280,280,301,21,1,12352393103
17,358,358,376,18,1,12189144525
18,363,363,393,30,2,7148653732
20,389,389,405,16,2,5280019862
19,370,370,406,36,2,6338234695
22,400,400,439,39,2,2949473024
21,392,392,446,54,1,13238104381
23,462,462,477,15,1,13102148878
24,469,469,487,18,2,7162555966
1,8,8,33,25,3,5278958877
0,3,3,34,31,3,13102148878
3,30,30,55,25,2,10926662958
4,37,37,61,24,2,5785251562
2,22,22,65,43,3,6816408252
5,54,54,68,14,3,5009865615
6,72,72,97,25,1,9603303820
7,111,111,139,28,3,3260934065
8,124,124,157,33,2,5785243427
9,157,157,178,21,1,6451301148
10,176,176,211,35,3,303080714
11,218,218,241,23,1,9569659991
12,257,257,281,24,1,626369565
13,290,290,314,24,2,304567360
14,292,292,339,47,1,5009865591
15,324,324,343,19,1,5652253153
16,325,325,369,44,3,3677357006
18,373,373,388,15,1,568387742
17,354,354,391,37,1,5785243419
19,420,420,440,20,1,4836682667
20,443,443,460,17,2,4836682656
21,452,452,465,13,1,10926662946
0,14,14,39,25,3,5280019853
1,33,33,52,19,1,1884436468
3,40,40,76,36,3,12189144525
2,37,37,80,43,3,10944269672
4,100,100,116,16,1,11872840093
6,166,166,190,24,1,6451328265
7,169,169,196,27,1,13238104380
5,161,161,201,40,3,8372650002
8,179,179,205,26,1,1884436472
10,201,201,233,32,1,5785243415
9,198,198,236,38,3,5652253123
12,216,216,237,21,2,123804650
13,242,242,257,15,1,4836682667
11,203,203,271,68,3,6338234464
16,267,267,282,15,1,304567360
14,260,260,289,29,1,10926533434
15,262,262,297,35,3,5278958883
17,285,285,332,47,2,6453004839
18,328,328,354,26,3,5785247180
19,347,347,370,23,3,5280019857
20,456,456,475,19,3,6338234703
0,33,33,54,21,3,5785243577
1,43,43,65,22,2,3677356991
2,60,60,80,20,2,582448610
3,138,138,162,24,1,5785247200
5,154,154,173,19,3,6338234703
4,142,142,173,31,1,632556625
6,184,184,202,18,1,10926533428
7,209,209,246,37,1,7025394744
8,230,230,257,27,1,6812031067
9,299,299,312,13,3,7150932890
10,311,311,330,19,2,6338234467
11,317,317,343,26,2,3677356999
12,369,369,391,22,2,1249744158
13,387,387,408,21,1,5009865612
14,396,396,420,24,3,11867222841
15,411,411,429,18,1,6338234698
16,422,422,448,26,1,5009865592
17,434,434,460,26,2,12253768589
18,475,475,495,20,1,5785243381
0,4,4,26,22,1,10926662953
2,30,30,47,17,3,632556623
1,23,23,55,32,3,1884436461
3,35,35,59,24,2,582448612
4,55,55,88,33,2,12160761548
5,92,92,109,17,3,6810641701
6,95,95,112,17,1,11867222844
8,106,106,125,19,2,10926883395
7,98,98,130,32,3,6812031053
10,113,113,138,25,3,273690435
9,111,111,142,31,1,11825680696
11,124,125,161,37,2,2949520309
12,161,161,179,18,3,3217650526
13,183,183,203,20,3,6451301126
15,256,256,286,30,3,5785243441
16,257,257,288,31,2,5785243567
14,254,254,293,39,3,7148770031
18,278,278,307,29,3,632556618
19,296,296,324,28,3,5785247182
17,277,277,332,55,1,7115936011
20,303,303,333,30,2,632556602
22,307,324,335,28,1,5785247192
21,304,307,338,34,2,4763977904
23,327,327,378,51,1,3677417626
25,387,387,405,18,2,6410305317
24,372,372,416,44,2,1882736856
26,393,393,420,27,2,2419462316
27,420,420,431,11,3,11850690937
29,449,449,460,11,2,11850690936
28,445,445,474,29,2,2422417587
30,463,463,488,25,2,4836682657
31,480,480,496,16,3,6810641701
0,30,30,50,20,2,7115936015
2,47,47,59,12,3,6812031063
1,43,43,82,39,2,5785243569
4,83,83,117,34,3,6821726161
3,71,71,125,54,1,10926533450
5,157,157,188,31,3,304567569
6,174,174,218,44,3,7115936015
7,184,184,230,46,2,6187443192
8,206,206,237,31,3,5009865593
9,212,212,248,36,2,5785243396
11,255,255,278,23,3,12352393103
12,264,264,279,15,2,12251103295
10,221,221,293,72,1,2419462349
13,271,271,306,35,3,3217650536
14,283,283,316,33,3,126049911
17,319,319,338,19,3,582447507
15,287,287,338,51,3,5785243397
18,331,331,349,18,3,582448614
19,333,333,353,20,1,6338234694
16,313,313,366,53,1,5785247190
20,368,368,387,19,1,9569659991
21,410,410,440,30,1,7150934893
22,439,439,451,12,2,5785243410
24,442,442,463,21,2,588432112
23,442,442,465,23,2,10853277164
25,446,446,477,31,3,11825680701
26,470,470,492,22,3,6187443205
0,7,7,18,11,1,1249744159
1,41,41,72,31,2,5278958878
2,70,70,98,28,1,8685892822
3,72,72,107,35,3,3219332122
4,135,135,155,20,2,11850856679
5,151,151,178,27,3,11872840092
6,158,158,179,21,2,7025394745
7,218,218,237,19,1,6248772199
8,229,229,252,23,3,4836682663
9,246,246,261,15,3,10944307845
10,259,259,279,20,3,11850690940
11,267,267,285,18,1,12352393103
12,268,268,306,38,1,6816408254
13,278,278,309,31,2,5652253151
15,353,353,371,18,2,4836682655
14,351,351,372,21,3,12253172250
16,361,361,384,23,1,8372650002
17,382,382,407,25,2,10926662941
18,383,383,412,29,2,11825680708
19,397,397,430,33,3,11850657737
20,408,408,436,28,2,7570152076
21,473,473,490,17,1,6451301171
0,3,3,14,11,2,3217650527
1,8,8,30,22,1,2419462315
2,11,11,37,26,3,5652253147
3,55,55,84,29,1,6451301126
4,79,79,98,19,2,5009865614
5,81,81,110,29,1,9603445022
6,87,87,127,40,1,303829249
7,106,106,132,26,1,1249744158
8,158,158,178,20,1,3677356998
9,214,214,235,21,3,12250968499
10,239,239,260,21,1,7148653737
11,257,257,280,23,2,5785243569
12,260,260,298,38,2,86087108
13,335,335,361,26,2,6423002609
14,340,340,379,39,2,5785243391
15,397,397,437,40,2,6451301180
16,402,402,461,59,1,7115936008
0,15,15,50,35,2,162415975
1,40,40,55,15,3,7148653737
2,52,52,81,29,1,626369563
4,65,65,103,38,1,632556606
3,63,63,106,43,2,6277544344
5,75,75,114,39,2,5785247191
7,184,184,195,11,3,5785247192
6,156,156,196,40,2,5785243432
8,184,184,205,21,2,6304098685
9,202,202,221,19,3,7148677220
10,243,243,277,34,3,2419462330
11,288,288,303,15,3,632556630
12,300,300,322,22,2,3677356981
13,317,317,331,14,3,6277544342
15,338,338,351,13,2,5785243425
14,323,323,377,54,2,626369663
16,372,372,383,11,2,3677356981
17,381,381,403,22,1,6277544347
18,391,391,408,17,2,10926662946
20,409,409,430,21,3,6304098475
19,393,393,434,41,2,6451301180
21,420,420,449,29,3,5280019850
22,421,421,475,54,2,2419462338
1,41,41,56,15,2,7148677221
0,32,32,73,41,1,11872840094
2,43,43,77,34,2,5652253133
3,66,66,94,28,1,626369561
5,92,92,105,13,1,568387584
4,82,82,106,24,3,9603280241
6,106,106,125,19,2,632556599
7,155,155,187,32,2,7148770033
9,207,207,228,21,1,13203756304
8,203,203,249,46,1,5652208320
11,223,223,250,27,3,5652253127
10,220,220,258,38,1,5785243443
12,229,229,265,36,3,5009865616
14,274,274,294,20,1,3217650497
13,269,269,296,27,2,568387742
16,292,292,306,14,1,2953399199
15,286,286,320,34,1,5278958878
17,298,298,338,40,1,6453004839
20,328,328,344,16,3,6123947818
18,313,313,357,44,2,11850690938
19,315,315,367,52,2,1884436461
21,354,354,388,34,3,582451368
22,377,377,395,18,1,2949473024
23,389,389,401,12,2,9877602155
24,399,399,423,24,3,632556624
25,408,408,426,18,3,6187442378
26,428,428,449,21,3,7150934894
27,434,434,452,18,2,12253172264
28,470,470,482,12,2,1882736856
29,489,489,507,18,2,10717621191
31,510,510,533,23,3,10926840462
30,510,510,542,32,3,10926883399
32,539,539,563,24,3,10853277164
33,556,556,580,24,1,3277796923
34,575,575,609,34,2,3277801680
35,584,584,620,36,1,5785243412
36,636,636,648,12,1,2419462349
37,657,657,685,28,2,5652253125
39,672,672,685,13,3,11819910706
38,663,663,709,46,3,2422417583
41,693,693,710,17,1,2419462331
40,679,679,731,52,1,5785247187
42,728,728,759,31,1,6277544344
43,754,754,773,19,3,632556610
44,766,766,787,21,1,3677356982
45,800,800,829,29,2,12160768691
46,807,807,830,23,1,6410305314
47,817,817,855,38,2,5785243418
48,818,818,857,39,2,2422417599
49,842,842,859,17,3,5785243386
52,877,877,899,22,3,7150932889
50,873,873,904,31,2,12253768588
53,891,891,908,17,1,6338234693
51,874,874,913,39,1,10926840475
54,909,909,937,28,2,6423676446
55,925,925,942,17,2,12160768691
56,953,953,968,15,2,9603276339
57,1013,1013,1027,14,3,5785247209
58,1051,1051,1067,16,2,6187443237
60,1060,1060,1079,19,3,2419462331
59,1057,1057,1080,23,1,13238104381
61,1103,1103,1127,24,1,4836682667
62,1163,1163,1197,34,1,5785243425
63,1184,1184,1209,25,1,5278958882
64,1238,1238,1253,15,1,2422417573
65,1240,1240,1262,22,3,3302591601
67,1299,1299,1329,30,3,6812031060
66,1296,1296,1330,34,2,3217650527
69,1381,1381,1396,15,2,5009865606
68,1379,1379,1405,26,2,6811585006
71,1421,1421,1445,24,2,6451301148
70,1420,1420,1448,28,3,568387742
72,1439,1439,1473,34,2,9569659994
73,1476,1476,1499,23,3,5785243437
74,1513,1513,1533,20,1,582447507
75,1547,1547,1569,22,2,11867222816
76,1561,1561,1576,15,1,6187443196
77,1563,1563,1580,17,3,6277544343
78,1574,1574,1593,19,2,10926533432
79,1592,1592,1611,19,2,6453004848
80,1595,1595,1620,25,1,12352383823
81,1606,1606,1621,15,1,6338234459
82,1610,1610,1638,28,3,5652253138
83,1622,1622,1642,20,2,6187443230
84,1684,1684,1732,48,2,7025394743
86,1724,1724,1736,12,2,6187442378
85,1720,1720,1752,32,1,5785247200
87,1770,1770,1791,21,1,10926840457
88,1807,1807,1822,15,3,5652253138
89,1807,1807,1833,26,2,5652253123
90,1834,1834,1867,33,2,7024891232
91,1877,1877,1898,21,3,300852341
93,1901,1901,1919,18,3,3302591601
92,1891,1891,1925,34,2,11872840093
94,1912,1912,1935,23,1,2948760157
95,1953,1953,1978,25,3,5652253133
96,1984,1984,1997,13,2,11867222841
97,1993,1993,2011,18,3,7166810681
98,2016,2016,2037,21,2,6277544359
99,2032,2032,2049,17,3,10926533432
0,5,5,35,30,2,7150932889
1,80,80,116,36,2,5785243430
2,106,106,127,21,1,6451312135
3,160,160,180,20,1,632556600
4,167,167,184,17,3,7115936014
5,242,242,271,29,1,6304098685
6,262,262,288,26,1,5652253136
7,291,291,327,36,1,6277544353
8,319,319,337,18,2,2953399199
10,377,377,394,17,2,2419462324
9,365,365,402,37,2,5785243419
11,403,403,424,21,2,10926662952
12,419,419,446,27,1,303081331
13,432,432,468,36,1,7150934897
14,480,480,505,25,3,5278958878
17,498,498,522,24,1,5785243408
15,493,493,524,31,1,7148677220
16,494,494,534,40,2,303828652
18,502,505,542,40,1,2422417573
19,516,522,544,28,1,5652253143
20,519,524,564,45,1,7148716168
22,588,588,601,13,1,1249744158
21,577,577,601,24,2,300852341
23,596,596,639,43,3,5785243432
24,626,626,649,23,1,6187448109
25,628,628,649,21,2,5280019849
26,632,632,664,32,2,3228594798
28,646,646,683,37,1,4836682659
27,638,638,690,52,3,303828649
29,686,686,702,16,1,632556623
30,690,690,704,14,2,6451301130
32,711,711,734,23,2,6187443226
31,704,704,737,33,1,5009865611
33,717,717,754,37,1,5652253149
34,734,734,757,23,3,10926883395
35,775,775,796,21,1,3217650489
36,791,791,812,21,3,626369563
37,844,844,865,21,2,1884436468
38,850,850,886,36,1,6816408254
39,917,917,932,15,3,2419462327
40,920,920,946,26,1,6812031059
41,935,935,958,23,3,6265795693
42,942,942,975,33,2,588436307
43,943,943,985,42,3,2419478062
44,944,944,987,43,2,5785247186
45,992,992,1005,13,3,7148653737
46,1012,1012,1026,14,2,304567562
47,1032,1032,1050,18,1,5280019850
48,1044,1044,1078,34,2,3260934067
49,1111,1111,1129,18,3,5278958873
51,1130,1130,1158,28,1,6187443237
50,1118,1118,1160,42,1,2422507454
52,1140,1140,1174,34,3,5785247191
54,1163,1163,1184,21,3,1884436482
53,1150,1150,1195,45,2,9569659994
55,1181,1181,1205,24,1,303829249
56,1210,1210,1236,26,2,10926840462
58,1235,1235,1267,32,1,626369643
57,1232,1232,1270,38,1,8372650007
59,1247,1247,1271,24,3,6812031052
62,1264,1269,1288,24,2,5009865619
60,1259,1259,1322,63,3,3277801681
61,1263,1267,1322,59,1,5012738599
64,1312,1312,1328,16,1,5785243440
63,1310,1310,1331,21,3,12250968500
66,1327,1327,1367,40,3,6819065628
65,1324,1324,1373,49,2,6451328265
67,1343,1343,1377,34,3,6277544355
68,1377,1377,1400,23,1,6816408253
69,1425,1425,1446,21,2,303828649
70,1439,1439,1469,30,1,3217650489
71,1458,1458,1473,15,3,6410305315
73,1470,1470,1491,21,3,6819600159
74,1478,1478,1493,15,1,626369635
75,1478,1478,1507,29,2,5785243576
76,1484,1484,1508,24,2,2948760186
72,1460,1460,1508,48,1,5785243425
77,1506,1506,1570,64,3,11872840092
78,1571,1571,1604,33,2,5278958877
80,1612,1612,1629,17,2,10926533434
79,1610,1610,1631,21,1,126039798
81,1660,1660,1682,22,1,7025253055
82,1672,1672,1685,13,3,8372650007
83,1680,1680,1705,25,2,588435520
85,1690,1690,1708,18,2,4836682657
84,1690,1690,1716,26,1,2953399200
86,1705,1705,1744,39,2,6453004843
87,1775,1775,1799,24,2,582448618
88,1791,1791,1815,24,2,5278958880
89,1853,1853,1877,24,1,5785247200
90,1868,1868,1890,22,1,11825680701
91,1890,1890,1906,16,1,12352725488
92,1907,1907,1929,22,2,5785271024
93,1918,1918,1937,19,1,626369635
94,1934,1934,1952,18,2,6423676445
96,1945,1945,1956,11,1,5785247179
95,1935,1935,1957,22,3,6187443197
97,1966,1966,1996,30,1,5785243396
98,1994,1994,2022,28,1,5652253143
99,2002,2002,2023,21,2,12253172262
